<?xml version="1.0" encoding="UTF-8"?>

<beans xmlns="http://www.springframework.org/schema/beans"
	xmlns:xsi="http://www.w3.org/2001/XMLSchema-instance"
	xsi:schemaLocation="http://www.springframework.org/schema/beans
   http://www.springframework.org/schema/beans/spring-beans-3.0.xsd">

	<bean id="a1" class="com.techmedevoted.model.Address">
		<property name="city" value="Bangalore"></property>
		<property name="state" value="KA"></property>
		<property name="country" value="India"></property>


	</bean>


	<bean id="e" class="com.techmedevoted.model.Employee">
		<property name="id" value="12"></property>
		<property name="name" value="nits"></property>
		<property name="address" ref="a1"></property>


	</bean>

</beans>